{
  "pools": [
    {
      "rolls": 1,
      "entries": [
        {
          "type": "minecraft:item",
          "name": "minecraft:stone",
          "functions": [
            {
              "function": "minecraft:set_nbt",
              "tag": "{BinaryNumber:0.000001d}",
              "conditions": [
                {
                  "condition": "minecraft:reference",
                  "name": "real_time:time/a_big"
                }
              ]
            },
            {
              "function": "minecraft:set_nbt",
              "tag": "{BinaryNumber:0.000011d}",
              "conditions": [
                {
                  "condition": "minecraft:reference",
                  "name": "real_time:time/b_big"
                }
              ]
            },
            {
              "function": "minecraft:set_nbt",
              "tag": "{BinaryNumber:0.000101d}",
              "conditions": [
                {
                  "condition": "minecraft:reference",
                  "name": "real_time:time/c_big"
                }
              ]
            },
            {
              "function": "minecraft:set_nbt",
              "tag": "{BinaryNumber:0.000111d}",
              "conditions": [
                {
                  "condition": "minecraft:reference",
                  "name": "real_time:time/d_big"
                }
              ]
            },
            {
              "function": "minecraft:set_nbt",
              "tag": "{BinaryNumber:0.001001d}",
              "conditions": [
                {
                  "condition": "minecraft:reference",
                  "name": "real_time:time/e_big"
                }
              ]
            },
            {
              "function": "minecraft:set_nbt",
              "tag": "{BinaryNumber:0.001011d}",
              "conditions": [
                {
                  "condition": "minecraft:reference",
                  "name": "real_time:time/f_big"
                }
              ]
            },
            {
              "function": "minecraft:set_nbt",
              "tag": "{BinaryNumber:0.001101d}",
              "conditions": [
                {
                  "condition": "minecraft:reference",
                  "name": "real_time:time/g_big"
                }
              ]
            },
            {
              "function": "minecraft:set_nbt",
              "tag": "{BinaryNumber:0.001111d}",
              "conditions": [
                {
                  "condition": "minecraft:reference",
                  "name": "real_time:time/h_big"
                }
              ]
            },
            {
              "function": "minecraft:set_nbt",
              "tag": "{BinaryNumber:0.010001d}",
              "conditions": [
                {
                  "condition": "minecraft:reference",
                  "name": "real_time:time/i_big"
                }
              ]
            },
            {
              "function": "minecraft:set_nbt",
              "tag": "{BinaryNumber:0.010011d}",
              "conditions": [
                {
                  "condition": "minecraft:reference",
                  "name": "real_time:time/j_big"
                }
              ]
            },
            {
              "function": "minecraft:set_nbt",
              "tag": "{BinaryNumber:0.010101d}",
              "conditions": [
                {
                  "condition": "minecraft:reference",
                  "name": "real_time:time/k_big"
                }
              ]
            },
            {
              "function": "minecraft:set_nbt",
              "tag": "{BinaryNumber:0.010111d}",
              "conditions": [
                {
                  "condition": "minecraft:reference",
                  "name": "real_time:time/l_big"
                }
              ]
            },
            {
              "function": "minecraft:set_nbt",
              "tag": "{BinaryNumber:0.011001d}",
              "conditions": [
                {
                  "condition": "minecraft:reference",
                  "name": "real_time:time/m_big"
                }
              ]
            },
            {
              "function": "minecraft:set_nbt",
              "tag": "{BinaryNumber:0.011011d}",
              "conditions": [
                {
                  "condition": "minecraft:reference",
                  "name": "real_time:time/n_big"
                }
              ]
            },
            {
              "function": "minecraft:set_nbt",
              "tag": "{BinaryNumber:0.011101d}",
              "conditions": [
                {
                  "condition": "minecraft:reference",
                  "name": "real_time:time/o_big"
                }
              ]
            },
            {
              "function": "minecraft:set_nbt",
              "tag": "{BinaryNumber:0.011111d}",
              "conditions": [
                {
                  "condition": "minecraft:reference",
                  "name": "real_time:time/p_big"
                }
              ]
            },
            {
              "function": "minecraft:set_nbt",
              "tag": "{BinaryNumber:0.100001d}",
              "conditions": [
                {
                  "condition": "minecraft:reference",
                  "name": "real_time:time/q_big"
                }
              ]
            },
            {
              "function": "minecraft:set_nbt",
              "tag": "{BinaryNumber:0.100011d}",
              "conditions": [
                {
                  "condition": "minecraft:reference",
                  "name": "real_time:time/r_big"
                }
              ]
            },
            {
              "function": "minecraft:set_nbt",
              "tag": "{BinaryNumber:0.100101d}",
              "conditions": [
                {
                  "condition": "minecraft:reference",
                  "name": "real_time:time/s_big"
                }
              ]
            },
            {
              "function": "minecraft:set_nbt",
              "tag": "{BinaryNumber:0.100111d}",
              "conditions": [
                {
                  "condition": "minecraft:reference",
                  "name": "real_time:time/t_big"
                }
              ]
            },
            {
              "function": "minecraft:set_nbt",
              "tag": "{BinaryNumber:0.101001d}",
              "conditions": [
                {
                  "condition": "minecraft:reference",
                  "name": "real_time:time/u_big"
                }
              ]
            },
            {
              "function": "minecraft:set_nbt",
              "tag": "{BinaryNumber:0.101011d}",
              "conditions": [
                {
                  "condition": "minecraft:reference",
                  "name": "real_time:time/v_big"
                }
              ]
            },
            {
              "function": "minecraft:set_nbt",
              "tag": "{BinaryNumber:0.101101d}",
              "conditions": [
                {
                  "condition": "minecraft:reference",
                  "name": "real_time:time/w_big"
                }
              ]
            },
            {
              "function": "minecraft:set_nbt",
              "tag": "{BinaryNumber:0.101111d}",
              "conditions": [
                {
                  "condition": "minecraft:reference",
                  "name": "real_time:time/x_big"
                }
              ]
            },
            {
              "function": "minecraft:set_nbt",
              "tag": "{BinaryNumber:0.110001d}",
              "conditions": [
                {
                  "condition": "minecraft:reference",
                  "name": "real_time:time/y_big"
                }
              ]
            },
            {
              "function": "minecraft:set_nbt",
              "tag": "{BinaryNumber:0.110011d}",
              "conditions": [
                {
                  "condition": "minecraft:reference",
                  "name": "real_time:time/z_big"
                }
              ]
            },
            {
              "function": "minecraft:set_nbt",
              "tag": "{BinaryNumber:0.110101d}",
              "conditions": [
                {
                  "condition": "minecraft:reference",
                  "name": "real_time:time/a"
                }
              ]
            },
            {
              "function": "minecraft:set_nbt",
              "tag": "{BinaryNumber:0.110111d}",
              "conditions": [
                {
                  "condition": "minecraft:reference",
                  "name": "real_time:time/b"
                }
              ]
            },
            {
              "function": "minecraft:set_nbt",
              "tag": "{BinaryNumber:0.111001d}",
              "conditions": [
                {
                  "condition": "minecraft:reference",
                  "name": "real_time:time/c"
                }
              ]
            },
            {
              "function": "minecraft:set_nbt",
              "tag": "{BinaryNumber:0.111011d}",
              "conditions": [
                {
                  "condition": "minecraft:reference",
                  "name": "real_time:time/d"
                }
              ]
            },
            {
              "function": "minecraft:set_nbt",
              "tag": "{BinaryNumber:0.111101d}",
              "conditions": [
                {
                  "condition": "minecraft:reference",
                  "name": "real_time:time/e"
                }
              ]
            },
            {
              "function": "minecraft:set_nbt",
              "tag": "{BinaryNumber:0.111111d}",
              "conditions": [
                {
                  "condition": "minecraft:reference",
                  "name": "real_time:time/f"
                }
              ]
            },
            {
              "function": "minecraft:set_nbt",
              "tag": "{BinaryNumber:1.000001d}",
              "conditions": [
                {
                  "condition": "minecraft:reference",
                  "name": "real_time:time/g"
                }
              ]
            },
            {
              "function": "minecraft:set_nbt",
              "tag": "{BinaryNumber:1.000011d}",
              "conditions": [
                {
                  "condition": "minecraft:reference",
                  "name": "real_time:time/h"
                }
              ]
            },
            {
              "function": "minecraft:set_nbt",
              "tag": "{BinaryNumber:1.000101d}",
              "conditions": [
                {
                  "condition": "minecraft:reference",
                  "name": "real_time:time/i"
                }
              ]
            },
            {
              "function": "minecraft:set_nbt",
              "tag": "{BinaryNumber:1.000111d}",
              "conditions": [
                {
                  "condition": "minecraft:reference",
                  "name": "real_time:time/j"
                }
              ]
            },
            {
              "function": "minecraft:set_nbt",
              "tag": "{BinaryNumber:1.001001d}",
              "conditions": [
                {
                  "condition": "minecraft:reference",
                  "name": "real_time:time/k"
                }
              ]
            },
            {
              "function": "minecraft:set_nbt",
              "tag": "{BinaryNumber:1.001011d}",
              "conditions": [
                {
                  "condition": "minecraft:reference",
                  "name": "real_time:time/l"
                }
              ]
            },
            {
              "function": "minecraft:set_nbt",
              "tag": "{BinaryNumber:1.001101d}",
              "conditions": [
                {
                  "condition": "minecraft:reference",
                  "name": "real_time:time/m"
                }
              ]
            },
            {
              "function": "minecraft:set_nbt",
              "tag": "{BinaryNumber:1.001111d}",
              "conditions": [
                {
                  "condition": "minecraft:reference",
                  "name": "real_time:time/n"
                }
              ]
            },
            {
              "function": "minecraft:set_nbt",
              "tag": "{BinaryNumber:1.010001d}",
              "conditions": [
                {
                  "condition": "minecraft:reference",
                  "name": "real_time:time/o"
                }
              ]
            },
            {
              "function": "minecraft:set_nbt",
              "tag": "{BinaryNumber:1.010011d}",
              "conditions": [
                {
                  "condition": "minecraft:reference",
                  "name": "real_time:time/p"
                }
              ]
            },
            {
              "function": "minecraft:set_nbt",
              "tag": "{BinaryNumber:1.010101d}",
              "conditions": [
                {
                  "condition": "minecraft:reference",
                  "name": "real_time:time/q"
                }
              ]
            },
            {
              "function": "minecraft:set_nbt",
              "tag": "{BinaryNumber:1.010111d}",
              "conditions": [
                {
                  "condition": "minecraft:reference",
                  "name": "real_time:time/r"
                }
              ]
            },
            {
              "function": "minecraft:set_nbt",
              "tag": "{BinaryNumber:1.011001d}",
              "conditions": [
                {
                  "condition": "minecraft:reference",
                  "name": "real_time:time/s"
                }
              ]
            },
            {
              "function": "minecraft:set_nbt",
              "tag": "{BinaryNumber:1.011011d}",
              "conditions": [
                {
                  "condition": "minecraft:reference",
                  "name": "real_time:time/t"
                }
              ]
            },
            {
              "function": "minecraft:set_nbt",
              "tag": "{BinaryNumber:1.011101d}",
              "conditions": [
                {
                  "condition": "minecraft:reference",
                  "name": "real_time:time/u"
                }
              ]
            },
            {
              "function": "minecraft:set_nbt",
              "tag": "{BinaryNumber:1.011111d}",
              "conditions": [
                {
                  "condition": "minecraft:reference",
                  "name": "real_time:time/v"
                }
              ]
            },
            {
              "function": "minecraft:set_nbt",
              "tag": "{BinaryNumber:1.100001d}",
              "conditions": [
                {
                  "condition": "minecraft:reference",
                  "name": "real_time:time/w"
                }
              ]
            },
            {
              "function": "minecraft:set_nbt",
              "tag": "{BinaryNumber:1.100011d}",
              "conditions": [
                {
                  "condition": "minecraft:reference",
                  "name": "real_time:time/x"
                }
              ]
            },
            {
              "function": "minecraft:set_nbt",
              "tag": "{BinaryNumber:1.100101d}",
              "conditions": [
                {
                  "condition": "minecraft:reference",
                  "name": "real_time:time/y"
                }
              ]
            },
            {
              "function": "minecraft:set_nbt",
              "tag": "{BinaryNumber:1.100111d}",
              "conditions": [
                {
                  "condition": "minecraft:reference",
                  "name": "real_time:time/z"
                }
              ]
            },
            {
              "function": "minecraft:set_nbt",
              "tag": "{BinaryNumber:1.101001d}",
              "conditions": [
                {
                  "condition": "minecraft:reference",
                  "name": "real_time:time/0"
                }
              ]
            },
            {
              "function": "minecraft:set_nbt",
              "tag": "{BinaryNumber:1.101011d}",
              "conditions": [
                {
                  "condition": "minecraft:reference",
                  "name": "real_time:time/1"
                }
              ]
            },
            {
              "function": "minecraft:set_nbt",
              "tag": "{BinaryNumber:1.101101d}",
              "conditions": [
                {
                  "condition": "minecraft:reference",
                  "name": "real_time:time/2"
                }
              ]
            },
            {
              "function": "minecraft:set_nbt",
              "tag": "{BinaryNumber:1.101111d}",
              "conditions": [
                {
                  "condition": "minecraft:reference",
                  "name": "real_time:time/3"
                }
              ]
            },
            {
              "function": "minecraft:set_nbt",
              "tag": "{BinaryNumber:1.110001d}",
              "conditions": [
                {
                  "condition": "minecraft:reference",
                  "name": "real_time:time/4"
                }
              ]
            },
            {
              "function": "minecraft:set_nbt",
              "tag": "{BinaryNumber:1.110011d}",
              "conditions": [
                {
                  "condition": "minecraft:reference",
                  "name": "real_time:time/5"
                }
              ]
            },
            {
              "function": "minecraft:set_nbt",
              "tag": "{BinaryNumber:1.110101d}",
              "conditions": [
                {
                  "condition": "minecraft:reference",
                  "name": "real_time:time/6"
                }
              ]
            },
            {
              "function": "minecraft:set_nbt",
              "tag": "{BinaryNumber:1.110111d}",
              "conditions": [
                {
                  "condition": "minecraft:reference",
                  "name": "real_time:time/7"
                }
              ]
            },
            {
              "function": "minecraft:set_nbt",
              "tag": "{BinaryNumber:1.111001d}",
              "conditions": [
                {
                  "condition": "minecraft:reference",
                  "name": "real_time:time/8"
                }
              ]
            },
            {
              "function": "minecraft:set_nbt",
              "tag": "{BinaryNumber:1.111011d}",
              "conditions": [
                {
                  "condition": "minecraft:reference",
                  "name": "real_time:time/9"
                }
              ]
            },
            {
              "function": "minecraft:set_nbt",
              "tag": "{BinaryNumber:1.111101d}",
              "conditions": [
                {
                  "condition": "minecraft:reference",
                  "name": "real_time:time/plus"
                }
              ]
            },
            {
              "function": "minecraft:set_nbt",
              "tag": "{BinaryNumber:1.111111d}",
              "conditions": [
                {
                  "condition": "minecraft:reference",
                  "name": "real_time:time/slash"
                }
              ]
            },
            {
              "function": "minecraft:set_nbt",
              "tag": "{BinaryNumber:0.000001d}",
              "conditions": [
                {
                  "condition": "minecraft:reference",
                  "name": "real_time:time/padding"
                }
              ]
            }
          ]
        }
      ],
      "functions": [
        {
          "function": "minecraft:set_name",
          "entity": "this",
          "name": {
            "score": {
              "name": "$binary",
              "objective": "13_Real_Time"
            }
          }
        },
        {
          "function": "minecraft:set_lore",
          "entity": "this",
          "lore": [
            {
              "nbt": "Items[0].tag.Base64",
              "block": "133 -64 133"
            }
          ]
        }
      ]
    }
  ],
  "functions": [
    {
      "function": "minecraft:set_count",
      "count": 64,
      "conditions": [
        {
          "condition": "minecraft:reference",
          "name": "real_time:time/a_big"
        }
      ]
    },
    {
      "function": "minecraft:set_count",
      "count": 1,
      "conditions": [
        {
          "condition": "minecraft:reference",
          "name": "real_time:time/b_big"
        }
      ]
    },
    {
      "function": "minecraft:set_count",
      "count": 2,
      "conditions": [
        {
          "condition": "minecraft:reference",
          "name": "real_time:time/c_big"
        }
      ]
    },
    {
      "function": "minecraft:set_count",
      "count": 3,
      "conditions": [
        {
          "condition": "minecraft:reference",
          "name": "real_time:time/d_big"
        }
      ]
    },
    {
      "function": "minecraft:set_count",
      "count": 4,
      "conditions": [
        {
          "condition": "minecraft:reference",
          "name": "real_time:time/e_big"
        }
      ]
    },
    {
      "function": "minecraft:set_count",
      "count": 5,
      "conditions": [
        {
          "condition": "minecraft:reference",
          "name": "real_time:time/f_big"
        }
      ]
    },
    {
      "function": "minecraft:set_count",
      "count": 6,
      "conditions": [
        {
          "condition": "minecraft:reference",
          "name": "real_time:time/g_big"
        }
      ]
    },
    {
      "function": "minecraft:set_count",
      "count": 7,
      "conditions": [
        {
          "condition": "minecraft:reference",
          "name": "real_time:time/h_big"
        }
      ]
    },
    {
      "function": "minecraft:set_count",
      "count": 8,
      "conditions": [
        {
          "condition": "minecraft:reference",
          "name": "real_time:time/i_big"
        }
      ]
    },
    {
      "function": "minecraft:set_count",
      "count": 9,
      "conditions": [
        {
          "condition": "minecraft:reference",
          "name": "real_time:time/j_big"
        }
      ]
    },
    {
      "function": "minecraft:set_count",
      "count": 10,
      "conditions": [
        {
          "condition": "minecraft:reference",
          "name": "real_time:time/k_big"
        }
      ]
    },
    {
      "function": "minecraft:set_count",
      "count": 11,
      "conditions": [
        {
          "condition": "minecraft:reference",
          "name": "real_time:time/l_big"
        }
      ]
    },
    {
      "function": "minecraft:set_count",
      "count": 12,
      "conditions": [
        {
          "condition": "minecraft:reference",
          "name": "real_time:time/m_big"
        }
      ]
    },
    {
      "function": "minecraft:set_count",
      "count": 13,
      "conditions": [
        {
          "condition": "minecraft:reference",
          "name": "real_time:time/n_big"
        }
      ]
    },
    {
      "function": "minecraft:set_count",
      "count": 14,
      "conditions": [
        {
          "condition": "minecraft:reference",
          "name": "real_time:time/o_big"
        }
      ]
    },
    {
      "function": "minecraft:set_count",
      "count": 15,
      "conditions": [
        {
          "condition": "minecraft:reference",
          "name": "real_time:time/p_big"
        }
      ]
    },
    {
      "function": "minecraft:set_count",
      "count": 16,
      "conditions": [
        {
          "condition": "minecraft:reference",
          "name": "real_time:time/q_big"
        }
      ]
    },
    {
      "function": "minecraft:set_count",
      "count": 17,
      "conditions": [
        {
          "condition": "minecraft:reference",
          "name": "real_time:time/r_big"
        }
      ]
    },
    {
      "function": "minecraft:set_count",
      "count": 18,
      "conditions": [
        {
          "condition": "minecraft:reference",
          "name": "real_time:time/s_big"
        }
      ]
    },
    {
      "function": "minecraft:set_count",
      "count": 19,
      "conditions": [
        {
          "condition": "minecraft:reference",
          "name": "real_time:time/t_big"
        }
      ]
    },
    {
      "function": "minecraft:set_count",
      "count": 20,
      "conditions": [
        {
          "condition": "minecraft:reference",
          "name": "real_time:time/u_big"
        }
      ]
    },
    {
      "function": "minecraft:set_count",
      "count": 21,
      "conditions": [
        {
          "condition": "minecraft:reference",
          "name": "real_time:time/v_big"
        }
      ]
    },
    {
      "function": "minecraft:set_count",
      "count": 22,
      "conditions": [
        {
          "condition": "minecraft:reference",
          "name": "real_time:time/w_big"
        }
      ]
    },
    {
      "function": "minecraft:set_count",
      "count": 23,
      "conditions": [
        {
          "condition": "minecraft:reference",
          "name": "real_time:time/x_big"
        }
      ]
    },
    {
      "function": "minecraft:set_count",
      "count": 24,
      "conditions": [
        {
          "condition": "minecraft:reference",
          "name": "real_time:time/y_big"
        }
      ]
    },
    {
      "function": "minecraft:set_count",
      "count": 25,
      "conditions": [
        {
          "condition": "minecraft:reference",
          "name": "real_time:time/z_big"
        }
      ]
    },
    {
      "function": "minecraft:set_count",
      "count": 26,
      "conditions": [
        {
          "condition": "minecraft:reference",
          "name": "real_time:time/a"
        }
      ]
    },
    {
      "function": "minecraft:set_count",
      "count": 27,
      "conditions": [
        {
          "condition": "minecraft:reference",
          "name": "real_time:time/b"
        }
      ]
    },
    {
      "function": "minecraft:set_count",
      "count": 28,
      "conditions": [
        {
          "condition": "minecraft:reference",
          "name": "real_time:time/c"
        }
      ]
    },
    {
      "function": "minecraft:set_count",
      "count": 29,
      "conditions": [
        {
          "condition": "minecraft:reference",
          "name": "real_time:time/d"
        }
      ]
    },
    {
      "function": "minecraft:set_count",
      "count": 30,
      "conditions": [
        {
          "condition": "minecraft:reference",
          "name": "real_time:time/e"
        }
      ]
    },
    {
      "function": "minecraft:set_count",
      "count": 31,
      "conditions": [
        {
          "condition": "minecraft:reference",
          "name": "real_time:time/f"
        }
      ]
    },
    {
      "function": "minecraft:set_count",
      "count": 32,
      "conditions": [
        {
          "condition": "minecraft:reference",
          "name": "real_time:time/g"
        }
      ]
    },
    {
      "function": "minecraft:set_count",
      "count": 33,
      "conditions": [
        {
          "condition": "minecraft:reference",
          "name": "real_time:time/h"
        }
      ]
    },
    {
      "function": "minecraft:set_count",
      "count": 34,
      "conditions": [
        {
          "condition": "minecraft:reference",
          "name": "real_time:time/i"
        }
      ]
    },
    {
      "function": "minecraft:set_count",
      "count": 35,
      "conditions": [
        {
          "condition": "minecraft:reference",
          "name": "real_time:time/j"
        }
      ]
    },
    {
      "function": "minecraft:set_count",
      "count": 36,
      "conditions": [
        {
          "condition": "minecraft:reference",
          "name": "real_time:time/k"
        }
      ]
    },
    {
      "function": "minecraft:set_count",
      "count": 37,
      "conditions": [
        {
          "condition": "minecraft:reference",
          "name": "real_time:time/l"
        }
      ]
    },
    {
      "function": "minecraft:set_count",
      "count": 38,
      "conditions": [
        {
          "condition": "minecraft:reference",
          "name": "real_time:time/m"
        }
      ]
    },
    {
      "function": "minecraft:set_count",
      "count": 39,
      "conditions": [
        {
          "condition": "minecraft:reference",
          "name": "real_time:time/n"
        }
      ]
    },
    {
      "function": "minecraft:set_count",
      "count": 40,
      "conditions": [
        {
          "condition": "minecraft:reference",
          "name": "real_time:time/o"
        }
      ]
    },
    {
      "function": "minecraft:set_count",
      "count": 41,
      "conditions": [
        {
          "condition": "minecraft:reference",
          "name": "real_time:time/p"
        }
      ]
    },
    {
      "function": "minecraft:set_count",
      "count": 42,
      "conditions": [
        {
          "condition": "minecraft:reference",
          "name": "real_time:time/q"
        }
      ]
    },
    {
      "function": "minecraft:set_count",
      "count": 43,
      "conditions": [
        {
          "condition": "minecraft:reference",
          "name": "real_time:time/r"
        }
      ]
    },
    {
      "function": "minecraft:set_count",
      "count": 44,
      "conditions": [
        {
          "condition": "minecraft:reference",
          "name": "real_time:time/s"
        }
      ]
    },
    {
      "function": "minecraft:set_count",
      "count": 45,
      "conditions": [
        {
          "condition": "minecraft:reference",
          "name": "real_time:time/t"
        }
      ]
    },
    {
      "function": "minecraft:set_count",
      "count": 46,
      "conditions": [
        {
          "condition": "minecraft:reference",
          "name": "real_time:time/u"
        }
      ]
    },
    {
      "function": "minecraft:set_count",
      "count": 47,
      "conditions": [
        {
          "condition": "minecraft:reference",
          "name": "real_time:time/v"
        }
      ]
    },
    {
      "function": "minecraft:set_count",
      "count": 48,
      "conditions": [
        {
          "condition": "minecraft:reference",
          "name": "real_time:time/w"
        }
      ]
    },
    {
      "function": "minecraft:set_count",
      "count": 49,
      "conditions": [
        {
          "condition": "minecraft:reference",
          "name": "real_time:time/x"
        }
      ]
    },
    {
      "function": "minecraft:set_count",
      "count": 50,
      "conditions": [
        {
          "condition": "minecraft:reference",
          "name": "real_time:time/y"
        }
      ]
    },
    {
      "function": "minecraft:set_count",
      "count": 51,
      "conditions": [
        {
          "condition": "minecraft:reference",
          "name": "real_time:time/z"
        }
      ]
    },
    {
      "function": "minecraft:set_count",
      "count": 52,
      "conditions": [
        {
          "condition": "minecraft:reference",
          "name": "real_time:time/0"
        }
      ]
    },
    {
      "function": "minecraft:set_count",
      "count": 53,
      "conditions": [
        {
          "condition": "minecraft:reference",
          "name": "real_time:time/1"
        }
      ]
    },
    {
      "function": "minecraft:set_count",
      "count": 54,
      "conditions": [
        {
          "condition": "minecraft:reference",
          "name": "real_time:time/2"
        }
      ]
    },
    {
      "function": "minecraft:set_count",
      "count": 55,
      "conditions": [
        {
          "condition": "minecraft:reference",
          "name": "real_time:time/3"
        }
      ]
    },
    {
      "function": "minecraft:set_count",
      "count": 56,
      "conditions": [
        {
          "condition": "minecraft:reference",
          "name": "real_time:time/4"
        }
      ]
    },
    {
      "function": "minecraft:set_count",
      "count": 57,
      "conditions": [
        {
          "condition": "minecraft:reference",
          "name": "real_time:time/5"
        }
      ]
    },
    {
      "function": "minecraft:set_count",
      "count": 58,
      "conditions": [
        {
          "condition": "minecraft:reference",
          "name": "real_time:time/6"
        }
      ]
    },
    {
      "function": "minecraft:set_count",
      "count": 59,
      "conditions": [
        {
          "condition": "minecraft:reference",
          "name": "real_time:time/7"
        }
      ]
    },
    {
      "function": "minecraft:set_count",
      "count": 60,
      "conditions": [
        {
          "condition": "minecraft:reference",
          "name": "real_time:time/8"
        }
      ]
    },
    {
      "function": "minecraft:set_count",
      "count": 61,
      "conditions": [
        {
          "condition": "minecraft:reference",
          "name": "real_time:time/9"
        }
      ]
    },
    {
      "function": "minecraft:set_count",
      "count": 62,
      "conditions": [
        {
          "condition": "minecraft:reference",
          "name": "real_time:time/plus"
        }
      ]
    },
    {
      "function": "minecraft:set_count",
      "count": 63,
      "conditions": [
        {
          "condition": "minecraft:reference",
          "name": "real_time:time/slash"
        }
      ]
    },
    {
      "function": "minecraft:set_count",
      "count": 64,
      "conditions": [
        {
          "condition": "minecraft:reference",
          "name": "real_time:time/padding"
        }
      ]
    }
  ]
}