[
  {
    "condition": "minecraft:value_check",
    "value": {
      "type": "minecraft:score",
      "target": {
        "type": "minecraft:fixed",
        "name": "$leap_y_j"
      },
      "score": "13_Real_Time"
    },
    "range": 0
  },
  {
    "condition": "minecraft:value_check",
    "value": {
      "type": "minecraft:score",
      "target": {
        "type": "minecraft:fixed",
        "name": "$real_mon"
      },
      "score": "13_Real_Time"
    },
    "range": {
      "min": 2,
      "max": 2
    }
  }
]
